{
  "example_thread_id": {
    "tid": "example_thread_id",
    "name": "Example Group",
    "memberCount": 0,
    "createdAt": "2024-03-21",
    "isGroup": true,
    "adminIDs": []
  },
  "6908687869245827": {
    "tid": "6908687869245827",
    "name": "𝗡𝗘𝗕𝗨𝗟𝗔 𝗗𝗬𝗡𝗔𝗠𝗜𝗖𝗦 🪽",
    "memberCount": 234
  },
  "61568587336275": {
    "tid": "61568587336275",
    "name": "Unknown Group",
    "memberCount": 2
  },
  "6554106931280806": {
    "tid": "6554106931280806",
    "name": "¡𝐋𝐚 𝐒𝐡𝐞𝐧𝐢𝐱 𝐎𝐥𝐯𝐢𝐝𝐚𝐝𝐚!",
    "memberCount": 123
  },
  "8341595579294826": {
    "tid": "8341595579294826",
    "name": "𝑩𝑶𝑻 𝑾𝑨𝑹𝑹𝑰𝑶𝑹𝑺",
    "memberCount": 61
  }
}