{
  "61568587336275": {
    "name": "Edi Nst",
    "balance": "99999999941.80",
    "exp": "137.7",
    "level": "user",
    "totalMessages": 967,
    "id": 1
  },
  "100088085177610": {
    "name": "Hādy Rikātekí",
    "balance": "1000000015.87",
    "exp": "70.7",
    "level": "newbie",
    "totalMessages": 707,
    "id": 2
  },
  "100009635106698": {
    "name": "Rain",
    "balance": "5.27",
    "exp": "2.7",
    "level": "newbie",
    "totalMessages": 27,
    "id": 3
  },
  "100090011120944": {
    "name": "ʚɞPipi Gumushʚɞ",
    "balance": "7.48",
    "exp": "24.8",
    "level": "newbie",
    "totalMessages": 248,
    "id": 4
  },
  "61568508005435": {
    "name": "Bintang Ur Mine",
    "balance": "5.02",
    "exp": "0.2",
    "level": "newbie",
    "totalMessages": 2,
    "id": 5
  },
  "61570259638381": {
    "name": "ꜚ︻ཬྃ༿༿ꔚꖴꔷ一༄ꔷ࿐ੴʬRấţũꕥḟấčễϐṍổǩʬੴ",
    "balance": "5.06",
    "exp": "0.6",
    "level": "newbie",
    "totalMessages": 6,
    "id": 6
  },
  "100073751001989": {
    "name": "Iky StarBoy",
    "balance": "18.12",
    "exp": "99.2",
    "level": "newbie",
    "totalMessages": 312,
    "id": 7
  },
  "100089215233585": {
    "name": "Vall Gerald Tyson",
    "balance": "5.01",
    "exp": "0.1",
    "level": "newbie",
    "totalMessages": 1,
    "id": 8
  },
  "61563754088133": {
    "name": "サンティカ プッシー",
    "balance": "5.17",
    "exp": "1.7",
    "level": "newbie",
    "totalMessages": 17,
    "id": 9
  },
  "100073927301707": {
    "name": "Luca Villacís Esposito",
    "balance": "5.02",
    "exp": "0.2",
    "level": "newbie",
    "totalMessages": 2,
    "id": 10
  },
  "100058651929795": {
    "name": "Ara L'Mavour",
    "balance": "5.06",
    "exp": "0.6",
    "level": "newbie",
    "totalMessages": 6,
    "id": 11
  },
  "100040799830613": {
    "name": "Oyen Gabut",
    "balance": "5.06",
    "exp": "0.6",
    "level": "newbie",
    "totalMessages": 6,
    "id": 12
  },
  "61552750718284": {
    "name": "Angel Lia Amanda Putri",
    "balance": "5.02",
    "exp": "0.2",
    "level": "newbie",
    "totalMessages": 2,
    "id": 13
  },
  "100082817781530": {
    "name": "メスリアナ メスリアナツ",
    "balance": "5.02",
    "exp": "0.2",
    "level": "newbie",
    "totalMessages": 2,
    "id": 14
  },
  "100056491354913": {
    "name": "アル ヴェンツォ",
    "balance": "5.22",
    "exp": "2.2",
    "level": "newbie",
    "totalMessages": 22,
    "id": 15
  },
  "100073435787480": {
    "name": "Jesika",
    "balance": "5.19",
    "exp": "1.9",
    "level": "newbie",
    "totalMessages": 19,
    "id": 16
  },
  "61563810315948": {
    "name": "Watashi Menolak",
    "balance": "5.01",
    "exp": "0.1",
    "level": "newbie",
    "totalMessages": 1,
    "id": 17
  },
  "61552214885934": {
    "name": "Molina Kawaii",
    "balance": "5.02",
    "exp": "0.2",
    "level": "newbie",
    "totalMessages": 2,
    "id": 18
  },
  "100085243234203": {
    "name": "Nciee",
    "balance": "5.08",
    "exp": "0.8",
    "level": "newbie",
    "totalMessages": 8,
    "id": 19
  },
  "100082154359331": {
    "name": "I M Range",
    "balance": "5.52",
    "exp": "5.2",
    "level": "newbie",
    "totalMessages": 52,
    "id": 20
  },
  "100084974348090": {
    "name": "Kiyo Sàtorù",
    "balance": "5.01",
    "exp": "0.1",
    "level": "newbie",
    "totalMessages": 1,
    "id": 21
  },
  "61555895183108": {
    "name": "Riley Nelson",
    "balance": "5.07",
    "exp": "0.7",
    "level": "newbie",
    "totalMessages": 7,
    "id": 22
  },
  "61568742224517": {
    "name": "KAESAR HAN ALEXANDER XAVIER DINASTI MING ABAD KE TIGA MASEHI FROM LALANG RIAU CITY PEKANBARU INDONESIA ASIA EROPA AFRIKA FASIFIK ATLANTIK ANTARTIKA ROMA KAIRO ATHENA BERLIN LISBON OSLO MARDID SPANYOL ",
    "balance": "5.17",
    "exp": "1.7",
    "level": "newbie",
    "totalMessages": 17,
    "id": 23
  },
  "61553946433775": {
    "name": "Pipi Rayosdelsol",
    "balance": "5.01",
    "exp": "0.1",
    "level": "newbie",
    "totalMessages": 1,
    "id": 24
  },
  "61555872531277": {
    "name": "Hādy Rikāteki",
    "balance": "5.04",
    "exp": "0.4",
    "level": "newbie",
    "totalMessages": 4,
    "id": 25
  },
  "61550962862241": {
    "name": "Geral Dus",
    "balance": "5.36",
    "exp": "3.6",
    "level": "newbie",
    "totalMessages": 36,
    "id": 26
  },
  "100011531026694": {
    "name": "Xenz",
    "balance": "5.20",
    "exp": "2.0",
    "level": "newbie",
    "totalMessages": 20,
    "id": 27
  },
  "100077189322803": {
    "name": "Lucífer Jr.",
    "balance": "5.06",
    "exp": "0.6",
    "level": "newbie",
    "totalMessages": 6,
    "id": 28
  },
  "100077377805039": {
    "name": "IAN FOX",
    "balance": "6.78",
    "exp": "2.8",
    "level": "newbie",
    "totalMessages": 28,
    "id": 29
  },
  "100086775040988": {
    "name": "Kaiden",
    "balance": "5.09",
    "exp": "0.9",
    "level": "newbie",
    "totalMessages": 9,
    "id": 30
  },
  "61565738861622": {
    "name": "Lapumino Natalia",
    "balance": "5.15",
    "exp": "1.5",
    "level": "newbie",
    "totalMessages": 15,
    "id": 31
  },
  "100085365936884": {
    "name": "ۦۦۦۦ ۦۦۦۦ",
    "balance": "5.37",
    "exp": "3.7",
    "level": "newbie",
    "totalMessages": 37,
    "id": 32
  },
  "100089869150945": {
    "name": "Jack Girzy",
    "balance": "5.01",
    "exp": "0.1",
    "level": "newbie",
    "totalMessages": 1,
    "id": 33
  },
  "100062186575693": {
    "name": "Kael L. Everlen",
    "balance": "5.01",
    "exp": "0.1",
    "level": "newbie",
    "totalMessages": 1,
    "id": 34
  },
  "100075826505185": {
    "name": "Neurovile",
    "balance": "5.05",
    "exp": "0.5",
    "level": "newbie",
    "totalMessages": 5,
    "id": 35
  },
  "100072207731954": {
    "name": "ウィ部 サトシ",
    "balance": "10.27",
    "exp": "2.7",
    "level": "newbie",
    "totalMessages": 27,
    "id": 36
  },
  "61552205983013": {
    "name": "Mahen Mahen",
    "balance": "5.03",
    "exp": "0.3",
    "level": "newbie",
    "totalMessages": 3,
    "id": 37
  }
}